1351038020.325,9190600,-36668,-3155,1576.832,928.408,-3.073,3.128
1351038021.349,9190600,-37690,-3175,1607.868,972.665,-2.827,-2.894
1351038022.371,9190600,-38606,-3095,1587.449,944.352,-3.117,-3.127
1351038023.404,9190600,-39747,-2699,1595.031,1341.599,2.733,2.751
###,,,,,,,
1351038020.325,9190700,26636,-15107,1580.453,667.810,3.095,3.138
1351038021.349,9190700,26031,-14682,1682.645,274.214,2.648,2.786
1351038022.371,9190700,25071,-14353,1687.029,742.314,2.710,2.683
1351038023.404,9190700,24338,-14001,1683.482,901.781,2.385,2.451
1351038024.420,9190700,23688,-13774,1625.292,999.001,2.554,2.627
1351038025.424,9190700,22632,-13449,1661.812,953.667,2.715,2.771
1351038026.448,9190700,22071,-13117,1675.653,872.625,2.543,2.606
1351038027.474,9190700,21377,-12803,1733.404,770.037,2.705,2.753
1351038028.487,9190700,20837,-12362,1735.298,860.509,2.416,2.449
1351038029.514,9190700,20553,-11987,1811.246,810.786,2.163,2.176
1351038030.551,9190700,19854,-11591,1715.279,829.147,2.575,2.536
1351038031.555,9190700,19334,-11141,1722.006,865.440,2.147,2.231
1351038032.569,9190700,18754,-10727,1708.057,1008.733,2.277,2.350
1351038033.604,9190700,18062,-10202,1641.160,973.969,2.434,2.502
1351038034.623,9190700,16866,-9566,1723.591,1140.015,2.622,2.667
1351038035.640,9190700,16407,-8874,1719.073,755.622,2.233,2.247
1351038036.668,9190700,15848,-8390,1675.883,723.517,2.405,2.417
1351038037.670,9190700,15321,-7768,1773.525,974.544,2.022,2.017
1351038038.696,9190700,14704,-7223,1719.181,850.351,2.301,2.243
1351038039.697,9190700,14196,-6693,1741.598,732.622,2.393,2.404
1351038040.731,9190700,13662,-6133,1629.568,690.618,2.246,2.280
1351038041.761,9190700,13239,-5441,1722.378,923.131,1.908,1.883
1351038042.781,9190700,12544,-4832,1686.268,1431.242,2.086,2.051
1351038043.807,9190700,11808,-4076,1673.400,1031.855,2.238,2.275
1351038044.813,9190700,11383,-3571,1582.540,878.553,2.128,2.134
1351038045.849,9190700,10761,-3090,1617.637,822.569,2.388,2.390
1351038046.876,9190700,10173,-2503,1694.247,802.991,2.256,2.253
1351038047.880,9190700,9853,-1785,1668.672,999.089,1.907,1.827
1351038048.894,9190700,9156,-1043,1619.553,1081.107,2.238,2.220
1351038049.914,9190700,9039,-211,1538.216,971.331,1.808,1.803
1351038050.930,9190700,8679,561,1493.107,953.812,1.765,1.757
1351038051.949,9190700,8292,1469,1403.280,1062.011,1.798,1.779
1351038052.976,9190700,8029,2270,1323.912,896.574,1.931,1.835
1351038054.002,9190700,7763,2906,1333.250,844.386,2.237,2.230
###,,,,,,,
1351038020.325,9190802,-22342,1687,874.700,601.330,-1.358,-1.382
1351038021.349,9190802,-22239,1967,947.703,755.123,0.235,0.322
1351038022.371,9190802,-22100,1869,912.354,619.167,-0.544,-0.568
1351038023.404,9190802,-22296,1812,939.918,945.713,-1.322,-1.257
1351038024.420,9190802,-22195,1654,957.519,505.428,-0.963,-1.079
1351038025.424,9190802,-22262,1712,971.027,636.689,-0.685,-0.637
1351038026.448,9190802,-22183,1731,989.936,543.255,-0.460,-0.487
1351038027.474,9190802,-22176,1775,934.249,683.725,-0.870,-0.936
1351038028.487,9190802,-22305,1808,974.842,592.871,-1.271,-1.315
1351038029.514,9190802,-22282,1737,990.103,390.138,-1.214,-1.215
1351038030.551,9190802,-22281,2133,923.491,876.085,1.550,1.535
1351038031.555,9190802,-22429,2108,1028.162,425.930,1.907,1.774
1351038032.569,9190802,-22357,2176,1243.469,675.052,1.691,1.773
1351038033.604,9190802,-22386,1941,1142.616,1012.302,-1.841,-1.745
1351038034.623,9190802,-22441,1700,1047.883,809.454,-1.884,-1.858
1351038035.640,9190802,-22411,2063,1057.659,867.601,1.920,2.012
1351038036.668,9190802,-22501,2095,1015.434,594.222,2.488,2.407
1351038037.670,9190802,-22353,2155,1012.222,652.068,1.593,1.663
1351038038.696,9190802,-22314,2072,983.774,583.386,1.014,1.047
1351038039.697,9190802,-22233,2001,960.019,356.401,0.214,0.137
1351038040.731,9190802,-22162,1973,933.342,595.147,0.342,0.291
1351038041.761,9190802,-22172,1958,982.253,161.020,1.565,1.403
1351038042.781,9190802,-22489,1795,963.750,505.676,-2.747,-2.763
1351038043.807,9190802,-22440,2036,960.896,699.784,1.822,1.876
1351038044.813,9190802,-22239,2024,984.607,455.714,1.033,0.940
1351038045.849,9190802,-22313,2081,962.163,571.383,1.110,1.122
1351038046.876,9190802,-22209,2192,949.620,612.028,1.112,1.159
1351038047.880,9190802,-22108,1966,1009.181,792.893,0.429,0.437
1351038048.894,9190802,-22123,2023,1057.620,225.798,-0.586,-0.055
1351038049.914,9190802,-22292,1798,1024.830,693.694,-1.124,-1.219
1351038050.930,9190802,-22162,1732,1014.389,537.999,-0.879,-0.861
1351038051.949,9190802,-22215,1786,979.038,641.496,-1.030,-0.958
1351038052.976,9190802,-22224,1799,910.251,290.483,-1.500,-0.965
1351038054.002,9190802,-22353,1939,1015.724,605.210,2.524,2.389
1351038055.017,9190802,-22400,1955,1036.866,461.377,2.905,2.974
1351038056.039,9190802,-22559,1872,1044.206,592.413,-2.765,-2.747
1351038057.042,9190802,-22556,2004,1086.429,735.152,3.068,3.043
1351038058.045,9190802,-22538,1993,976.435,580.634,2.402,2.671
1351038059.070,9190802,-22341,1789,1010.947,735.481,-2.184,-2.218
1351038060.091,9190802,-22451,2025,1074.093,618.959,1.958,1.980
1351038061.122,9190802,-22393,2139,1050.185,69.900,1.560,1.656
1351038062.139,9190802,-22516,1736,992.359,638.132,-2.422,-2.338
1351038063.149,9190802,-22543,2073,980.482,689.982,2.316,2.477
1351038064.150,9190802,-22448,2079,975.676,490.667,3.093,3.123
1351038065.169,9190802,-22170,1996,1029.931,739.664,0.072,0.135
1351038066.188,9190802,-22135,1842,982.077,432.919,-0.410,-0.352
1351038067.200,9190802,-22203,1843,976.744,593.615,-0.986,-0.885
1351038068.227,9190802,-22148,1864,937.347,604.466,-0.843,-0.816
1351038069.230,9190802,-22236,1719,936.793,777.263,-1.449,-1.463
1351038070.263,9190802,-22307,1876,1086.319,260.223,1.644,1.629
1351038071.286,9190802,-22278,2128,999.073,579.560,1.259,1.365
1351038072.294,9190802,-22374,2259,1009.439,663.396,1.962,2.057
1351038073.315,9190802,-22390,1991,1041.858,537.395,-2.169,-1.988
1351038074.351,9190802,-22522,1918,1002.424,629.836,-2.349,-2.257
1351038075.391,9190802,-22522,1949,968.784,624.219,2.232,2.227
1351038076.392,9190802,-22390,2118,965.586,650.471,1.864,1.872
1351038077.414,9190802,-22535,2135,938.893,723.067,2.304,2.340
1351038078.444,9190802,-22336,2029,1004.775,500.254,1.437,1.521
1351038079.456,9190802,-22239,2220,946.411,429.727,1.239,1.025
1351038080.481,9190802,-22077,1966,910.355,606.438,-0.244,-0.234
1351038081.483,9190802,-22066,1948,978.818,1017.175,0.320,0.244
1351038082.484,9190802,-22004,2125,980.548,441.098,0.213,0.085
1351038083.520,9190802,-22474,1931,950.695,565.679,-2.239,-2.259
1351038084.540,9190802,-22252,1794,925.719,531.850,-2.123,-1.951
1351038085.563,9190802,-22353,1644,947.440,568.763,-1.840,-1.861
1351038086.595,9190802,-22287,1689,904.517,453.052,-0.469,-0.590
1351038087.606,9190802,-22139,1895,929.414,173.655,0.897,0.615
1351038088.626,9190802,-22406,2033,935.306,561.676,1.948,1.948
1351038089.647,9190802,-22412,2053,914.764,715.879,2.125,2.088
1351038090.666,9190802,-22563,2000,986.222,518.739,-2.434,-2.504
1351038091.688,9190802,-22543,1923,968.165,90.747,2.101,2.416
1351038092.702,9190802,-22074,1929,938.088,641.529,-0.282,-0.298
1351038093.734,9190802,-22124,1959,894.240,505.901,-0.298,-0.214
1351038094.736,9190802,-22481,2171,947.769,725.909,2.462,2.598
1351038095.772,9190802,-22489,1915,958.689,561.925,-2.711,-2.721
1351038096.797,9190802,-22437,1784,942.516,514.549,-2.053,-2.058
1351038097.798,9190802,-22381,1809,971.168,456.868,-2.345,-2.304
1351038098.805,9190802,-22516,1712,930.981,560.073,-2.374,-2.337
1351038099.818,9190802,-22418,1744,937.664,270.954,-0.568,-0.671
1351038100.853,9190802,-22102,1987,930.166,614.980,0.314,0.231
1351038101.866,9190802,-22174,1913,1005.367,274.444,-0.672,-0.519
1351038102.888,9190802,-22480,1995,956.947,609.541,2.530,2.564
1351038103.919,9190802,-22474,2044,1111.859,504.155,3.115,-3.067
1351038104.957,9190802,-22369,2066,932.607,597.288,1.874,1.844
1351038105.978,9190802,-22385,1755,911.398,638.989,-2.145,-2.121
1351038107.010,9190802,-22317,2151,999.630,645.695,1.889,1.881
1351038108.037,9190802,-22328,1934,1050.612,563.298,-1.916,-1.957
1351038109.077,9190802,-22287,1790,982.227,577.029,-1.129,-1.126
1351038110.106,9190802,-22155,1821,1040.822,491.845,-1.090,-0.953
1351038111.120,9190802,-22496,2190,992.588,650.394,2.342,2.195
1351038112.136,9190802,-22128,2082,1002.210,733.832,0.010,0.037
1351038113.144,9190802,-22127,1883,943.644,547.088,-0.522,-0.551
1351038114.159,9190802,-22178,1883,999.211,614.701,-0.723,-0.616
1351038115.191,9190802,-22057,1889,959.061,607.770,-0.343,-0.342
1351038116.194,9190802,-22206,1986,991.191,480.766,0.305,0.303
1351038117.203,9190802,-22176,2022,971.339,755.089,-0.154,-0.132
1351038118.208,9190802,-22120,1895,1115.918,237.377,-0.047,0.004
1351038119.226,9190802,-22597,1992,950.338,742.417,-2.700,-2.690
1351038120.265,9190802,-22310,1841,1016.715,683.682,-2.133,-2.334
1351038121.273,9190802,-22399,1793,899.398,536.321,-2.218,-2.222
1351038122.286,9190802,-22418,1883,970.599,543.066,-1.839,-2.009
1351038123.288,9190802,-22594,1923,984.509,925.950,2.906,3.085
1351038124.308,9190802,-22459,1972,982.617,309.787,1.734,2.084
1351038125.309,9190802,-22174,1961,1040.014,765.023,-0.817,-0.701
1351038126.314,9190802,-22105,1871,955.679,568.203,-0.108,-0.069
1351038127.343,9190802,-22207,1762,936.511,654.327,-0.762,-0.761
1351038128.345,9190802,-22082,2034,960.914,908.977,0.686,0.569
1351038129.367,9190802,-22165,2155,1004.890,384.544,1.166,1.284
1351038130.400,9190802,-22346,2190,944.659,628.213,2.258,2.248
1351038131.406,9190802,-22475,2211,957.965,649.814,2.625,2.658
1351038132.446,9190802,-22510,1955,915.388,587.204,-2.682,-2.775
1351038133.448,9190802,-22639,2044,929.514,629.800,2.320,2.455
1351038134.451,9190802,-22482,2103,971.659,333.265,2.087,2.021
1351038135.456,9190802,-22410,2154,1000.689,656.879,1.840,1.855
1351038136.484,9190802,-22240,2035,942.467,809.004,1.206,1.235
1351038137.492,9190802,-22338,2153,1058.891,437.296,1.659,1.620
1351038138.497,9190802,-22330,2128,957.861,611.155,2.051,1.953
1351038139.498,9190802,-22462,2117,1150.304,486.600,2.250,2.254
1351038140.507,9190802,-22401,1990,995.112,510.762,2.423,2.462
1351038141.533,9190802,-22435,2059,980.112,572.570,2.464,2.459
1351038142.549,9190802,-22414,2058,965.560,583.712,2.904,3.000
1351038143.572,9190802,-22514,2053,883.775,523.144,2.901,2.946
1351038144.601,9190802,-22481,1955,982.897,471.399,2.885,2.927
1351038145.611,9190802,-22546,1810,1036.168,617.618,-2.720,-2.678
1351038146.646,9190802,-22271,1921,957.410,245.743,-0.606,-0.745
1351038147.675,9190802,-22163,1789,921.588,705.640,-1.049,-1.043
1351038148.712,9190802,-22125,1815,1064.454,449.717,-0.870,-0.852
1351038149.747,9190802,-22167,1996,1081.601,329.974,0.678,0.624
1351038150.767,9190802,-22236,2063,1043.001,395.477,0.840,0.910
1351038151.792,9190802,-22191,1894,1169.604,595.937,-1.119,-1.008
1351038152.806,9190802,-22196,1888,1197.849,786.329,-0.379,-0.341
1351038153.840,9190802,-22117,1809,981.835,664.808,-1.041,-1.005
1351038154.862,9190802,-22208,1920,1049.496,666.149,-0.379,-0.501
1351038155.900,9190802,-22118,1907,1091.113,354.868,-0.686,-0.679
1351038156.905,9190802,-22486,2105,1020.064,744.780,2.524,2.527
1351038157.917,9190802,-22535,2016,969.154,756.606,2.718,2.821
1351038158.955,9190802,-22373,1938,937.490,149.842,-1.502,-1.956
1351038159.966,9190802,-22431,1695,952.120,721.088,-1.909,-1.900
1351038160.991,9190802,-22395,1861,928.206,337.205,1.149,1.307
1351038162.027,9190802,-22197,1959,938.024,523.779,0.223,0.243
1351038163.045,9190802,-22229,1776,971.462,518.139,-0.838,-0.828
1351038164.067,9190802,-22236,1827,1048.483,563.007,-1.538,-1.516
1351038165.072,9190802,-22460,1828,1040.008,719.672,-3.020,-2.979
1351038166.099,9190802,-22636,1853,973.746,504.874,-2.816,-2.854
1351038167.137,9190802,-22514,2124,1055.267,586.961,2.396,2.396
1351038168.153,9190802,-22348,1839,933.101,672.187,-1.584,-1.574
1351038169.178,9190802,-22417,1607,972.532,719.842,-2.001,-1.987
1351038170.205,9190802,-22501,1704,921.573,567.182,-1.886,-1.953
1351038171.211,9190802,-22547,2059,966.424,548.196,2.485,2.609
1351038172.224,9190802,-22412,2024,992.520,501.002,2.768,2.879
1351038173.245,9190802,-22508,1919,946.314,705.043,-2.783,-2.802
1351038174.257,9190802,-22469,1826,1036.903,227.763,-2.243,-2.403
1351038175.271,9190802,-22199,1606,1078.351,644.774,-0.728,-0.607
1351038176.303,9190802,-22176,1859,1009.680,737.467,-0.265,-0.341
1351038177.317,9190802,-22602,2242,1110.338,644.774,2.337,2.480
1351038178.343,9190802,-22583,2439,1360.544,533.703,2.289,2.294
1351038179.380,9190802,-22286,2753,1341.730,814.179,1.544,1.629
1351038180.410,9190802,-21498,3100,1498.374,1174.812,0.413,0.493
1351038181.429,9190802,-20333,3013,1305.996,1292.484,-0.058,-0.084
1351038182.432,9190802,-19185,3445,1484.706,1654.103,0.260,0.205
1351038183.441,9190802,-17999,3757,1480.128,1256.636,0.314,0.284
1351038184.456,9190802,-16931,4124,1349.465,1229.331,0.307,0.297
1351038185.472,9190802,-15500,4379,1418.667,1405.459,-0.044,-0.065
1351038186.501,9190802,-14283,4923,1502.095,1359.656,0.257,0.240
1351038187.536,9190802,-13016,5306,1474.693,1045.867,0.334,0.221
1351038188.543,9190802,-11828,5763,1493.595,1250.451,0.288,0.230
1351038189.580,9190802,-10598,6284,1483.386,1137.071,0.506,0.502
1351038190.593,9190802,-9491,6913,1468.792,1391.621,0.462,0.458
1351038191.607,9190802,-8441,7365,1468.993,1152.886,0.517,0.433
1351038192.622,9190802,-7514,7915,1498.837,739.914,0.319,0.340
1351038193.624,9190802,-7079,7923,1242.060,641.034,0.032,0.047
1351038194.647,9190802,-6936,8054,1247.059,686.445,0.064,0.103
1351038195.670,9190802,-7089,8460,1483.996,433.877,0.815,0.742
###,,,,,,,
1351038020.325,9194800,3658,-320,2138.765,696.013,-0.401,-0.263
1351038021.349,9194800,3739,-335,2143.711,841.659,0.307,0.331
1351038022.371,9194800,3646,-398,2141.222,486.795,0.679,0.684
1351038023.404,9194800,3175,-491,2138.274,804.076,-3.075,-3.077
1351038024.420,9194800,3217,-321,2137.367,535.024,2.750,2.775
1351038025.424,9194800,3317,-587,2168.717,729.635,-2.224,-2.330
1351038026.448,9194800,3310,-587,2167.220,452.683,-2.706,-2.654
1351038027.474,9194800,3241,-517,2176.979,543.809,2.885,2.989
1351038028.487,9194800,3168,-303,2165.532,829.524,2.489,2.455
1351038029.514,9194800,3132,-329,2163.183,490.154,1.858,1.954
1351038030.551,9194800,3361,-721,2160.424,916.373,-1.149,-1.154
1351038031.555,9194800,3275,-875,2161.169,598.233,-1.843,-1.858
1351038032.569,9194800,3337,-1016,2160.916,514.829,-1.388,-1.299
1351038033.604,9194800,3581,-600,2158.161,827.964,0.619,0.622
1351038034.623,9194800,3649,-481,2150.270,688.161,0.587,0.590
###,,,,,,,
1351038020.325,9200100,42021,-17560,1856.048,536.081,-0.914,-1.063
1351038021.349,9200100,41878,-17623,1837.526,591.925,-1.231,-1.228
1351038022.371,9200100,41893,-17713,1861.640,614.923,-1.326,-1.311
1351038023.404,9200100,41959,-17616,1848.457,695.024,-1.415,-1.446
1351038024.420,9200100,41854,-17687,1869.729,618.622,-1.801,-1.564
1351038025.424,9200100,41840,-17652,1859.733,654.967,-1.177,-1.194
1351038026.448,9200100,41973,-17683,1852.230,632.051,-0.910,-1.030
1351038027.474,9200100,41853,-17709,1858.436,624.458,-1.309,-1.347
1351038028.487,9200100,41766,-17439,1858.867,523.890,2.348,2.545
1351038029.514,9200100,41792,-17305,1850.605,564.387,2.726,2.680
1351038030.551,9200100,41830,-17619,1870.393,582.405,-1.176,-1.105
1351038031.555,9200100,41916,-17583,1853.603,578.346,-0.873,-1.014
1351038032.569,9200100,41932,-17530,1858.100,894.906,-0.658,-0.697
1351038033.604,9200100,41892,-17666,1865.710,558.858,-1.344,-1.173
1351038034.623,9200100,41868,-17568,1861.887,670.950,-1.040,-1.085
1351038035.640,9200100,41953,-17630,1849.117,646.200,-1.024,-0.931
1351038036.668,9200100,41835,-17560,1868.887,594.469,-0.841,-0.943
1351038037.670,9200100,41914,-17606,1866.610,685.323,-0.668,-0.671
1351038038.696,9200100,41984,-17630,1853.139,584.494,-0.472,-0.600
1351038039.697,9200100,41962,-17712,1860.247,704.815,-1.558,-1.374
1351038040.731,9200100,41696,-17372,1852.373,561.116,2.596,2.640
1351038041.761,9200100,41643,-17476,1842.510,307.461,-2.802,-2.716
1351038042.781,9200100,41678,-17333,1868.111,508.898,2.595,2.701
1351038043.807,9200100,41741,-17294,1863.094,598.192,1.965,2.098
1351038044.813,9200100,41657,-17385,1857.239,547.818,3.008,2.945
1351038045.849,9200100,41692,-17307,1857.168,605.030,2.543,2.694
1351038046.876,9200100,41594,-17387,1859.947,698.508,-3.024,-3.041
1351038047.880,9200100,41679,-17611,1860.472,370.630,-2.737,-2.671
1351038048.894,9200100,41796,-17282,1870.748,760.448,1.585,1.588
1351038049.914,9200100,41837,-17373,1852.453,649.522,1.784,1.784
1351038050.930,9200100,41847,-17302,1856.792,501.147,1.668,1.654
1351038051.949,9200100,41909,-17600,1841.243,633.915,-0.921,-0.858
1351038052.976,9200100,41904,-17580,1860.644,716.087,-0.990,-1.012
1351038054.002,9200100,41943,-17611,1853.989,628.503,-1.238,-1.175
1351038055.017,9200100,41836,-17687,1842.302,599.289,-1.630,-1.501
1351038056.039,9200100,41818,-17710,1870.005,574.532,-1.575,-1.595
1351038057.042,9200100,41935,-17710,1862.392,459.906,-1.135,-1.096
1351038058.045,9200100,41862,-17704,1858.939,617.137,-1.134,-1.189
1351038059.070,9200100,41969,-17682,1857.060,563.675,-0.825,-0.820
1351038060.091,9200100,41934,-17731,1861.568,749.453,-0.935,-0.979
1351038061.122,9200100,41945,-17637,1859.001,572.114,-1.355,-1.360
1351038062.139,9200100,41918,-17613,1844.486,730.125,-0.938,-0.985
1351038063.149,9200100,41896,-17620,1853.489,546.974,-1.285,-1.292
1351038064.150,9200100,41822,-17726,1853.112,682.576,-1.565,-1.547
1351038065.169,9200100,41789,-17717,1871.085,527.377,-1.112,-1.149
1351038066.188,9200100,41936,-17554,1863.302,762.479,-0.679,-0.701
1351038067.200,9200100,41950,-17633,1833.603,599.902,-0.752,-0.879
1351038068.227,9200100,41887,-17562,1833.629,555.197,-1.024,-0.984
1351038069.230,9200100,41970,-17599,1851.225,552.812,-0.673,-0.754
1351038070.263,9200100,41870,-17554,1852.440,636.984,-1.042,-1.003
1351038071.286,9200100,41824,-17535,1854.049,683.632,-1.157,-1.173
1351038072.294,9200100,41883,-17674,1835.545,679.631,-1.241,-1.327
###,,,,,,,
1351038020.325,9201900,46605,-22013,1827.092,1176.335,1.644,1.606
1351038021.349,9201900,46852,-20755,1766.210,1268.840,1.388,1.427
###,,,,,,,
1351038038.350,9203800,3455,-649,2116.995,330.977,-1.553,0.000
1351038039.353,9203800,3469,-219,2127.080,514.637,1.354,1.383
1351038040.388,9203800,3172,-216,2125.044,767.524,2.179,2.081
1351038041.414,9203800,3245,-528,2164.486,597.750,-2.178,-2.149
1351038042.444,9203800,3427,-901,2165.442,697.824,-1.467,-1.491
1351038043.468,9203800,3460,-785,2163.146,883.810,-0.500,-0.510
1351038044.498,9203800,3474,-825,2163.387,633.556,-0.867,-0.936
1351038045.517,9203800,3692,-388,2154.380,503.501,1.159,1.153
1351038046.547,9203800,3262,-204,2150.455,817.684,2.366,2.240
1351038047.582,9203800,3246,-554,2155.230,442.304,-1.339,-1.368
1351038048.596,9203800,3492,-719,2152.777,452.181,-0.893,-0.855
1351038049.609,9203800,3424,-699,2160.263,484.232,-2.696,-2.708
1351038050.623,9203800,3188,-486,2155.548,728.185,2.593,2.689
1351038051.645,9203800,3363,-300,2137.539,594.289,2.095,2.110
1351038052.676,9203800,3452,5,2143.667,726.126,1.577,1.612
1351038053.684,9203800,3339,-419,2141.114,734.721,-2.094,-2.092
1351038054.689,9203800,3099,-822,2163.179,515.072,-2.057,-2.513
###,,,,,,,
1351038041.948,9204100,44904,-18492,1347.447,1346.206,-3.049,0.000
1351038044.082,9204100,42536,-18590,1647.318,952.882,3.035,0.000
1351038045.106,9204100,41528,-18452,1532.972,1169.128,2.671,2.770
1351038046.109,9204100,40459,-18475,1554.407,1037.059,2.878,2.942
1351038047.132,9204100,39066,-18491,1520.885,1105.663,2.816,2.805
1351038048.144,9204100,37717,-18224,1554.611,961.117,2.842,2.858
1351038049.159,9204100,36291,-18043,1513.235,1351.622,2.726,2.750
1351038050.174,9204100,34771,-17929,1638.313,1108.985,2.831,2.969
1351038051.191,9204100,33399,-17963,1594.103,1290.867,3.064,3.082
1351038052.220,9204100,32108,-17686,1381.799,1006.772,2.587,2.577
1351038053.240,9204100,30639,-17122,1420.045,1296.594,2.529,2.620
1351038054.277,9204100,29361,-16498,1640.599,1311.397,2.593,2.599
1351038055.293,9204100,28238,-16070,1723.807,1162.347,2.717,2.739
1351038056.311,9204100,26870,-15963,1534.527,1582.439,2.664,2.766
1351038057.347,9204100,25507,-15315,1663.981,1447.779,2.583,2.571
1351038058.352,9204100,24645,-14904,1568.332,1025.144,2.556,2.606
1351038059.372,9204100,23359,-14324,1555.343,1221.979,2.584,2.582
1351038060.388,9204100,22154,-13779,1558.317,1351.106,2.566,2.529
1351038061.418,9204100,21022,-13287,1623.266,1469.792,2.506,2.577
1351038062.434,9204100,20199,-12589,1712.870,1116.142,2.032,2.118
1351038063.440,9204100,19360,-12020,1584.919,932.504,2.215,2.262
1351038064.451,9204100,18669,-11622,1626.260,506.181,2.448,2.441
###,,,,,,,
1351038043.123,9204300,-14486,-10081,1412.076,530.072,1.541,0.000
1351038044.158,9204300,-14127,-8854,1813.464,1448.724,1.276,1.250
1351038045.180,9204300,-13637,-7800,1779.416,1233.646,0.909,0.960
1351038046.186,9204300,-13231,-6644,1657.795,1030.007,1.109,1.130
1351038047.205,9204300,-12810,-5484,1676.874,996.880,1.270,1.251
1351038048.219,9204300,-12349,-4307,1690.532,1231.891,1.189,1.086
1351038049.231,9204300,-11972,-3171,1676.944,1188.246,1.161,1.182
1351038050.248,9204300,-11478,-1963,1702.370,1254.170,1.085,1.062
1351038051.270,9204300,-10947,-810,1664.541,1264.114,0.788,0.784
1351038052.292,9204300,-10524,290,1638.817,1193.431,1.006,0.909
1351038053.322,9204300,-10110,1218,1390.907,921.898,0.806,0.854
1351038054.358,9204300,-9570,2220,1360.362,1267.608,1.147,1.117
1351038055.371,9204300,-8984,3296,1386.621,1397.844,0.969,0.873
1351038056.393,9204300,-8579,4296,1486.234,971.651,0.862,0.861
1351038057.430,9204300,-8085,5400,1590.976,1279.740,1.089,1.073
1351038058.467,9204300,-7712,6414,1505.862,864.331,0.893,0.868
1351038059.485,9204300,-7367,7348,1315.267,853.553,1.221,1.248
1351038060.499,9204300,-6949,7869,1168.965,796.269,0.634,0.648
1351038061.530,9204300,-6983,7996,1295.117,849.006,1.185,1.190
1351038062.544,9204300,-7000,8065,1301.797,644.660,0.951,0.960
1351038063.552,9204300,-7090,8003,1342.151,799.960,1.089,1.144
1351038064.563,9204300,-7097,8132,1332.115,609.981,0.953,0.921
1351038065.580,9204300,-7477,7921,1332.444,836.589,3.076,-3.139
1351038066.596,9204300,-7548,7812,1334.144,574.109,-3.065,-3.023
1351038067.616,9204300,-7529,7654,1319.899,707.335,-2.693,-2.786
1351038068.618,9204300,-7571,7663,1317.553,645.462,-2.582,-2.661
1351038069.645,9204300,-7443,7753,1305.079,624.833,-2.629,-2.768
1351038070.654,9204300,-7531,7606,945.580,541.676,-2.086,-2.155
1351038071.677,9204300,-7051,7549,900.273,755.389,-0.073,0.042
1351038072.679,9204300,-7081,7897,896.721,619.191,0.642,0.554
1351038073.712,9204300,-7024,7999,894.616,394.734,0.808,0.637
1351038074.736,9204300,-7224,7966,987.292,515.084,0.820,0.865
1351038075.743,9204300,-7341,8576,1660.436,636.333,1.640,1.585
1351038076.749,9204300,-8338,9345,1562.949,1278.275,2.287,2.317
1351038077.780,9204300,-9159,10246,1322.366,1313.891,2.217,2.196
1351038078.791,9204300,-9871,11293,1337.165,962.784,2.222,2.164
1351038079.815,9204300,-10274,12655,1557.597,1143.446,1.887,1.830
1351038080.835,9204300,-10631,13701,1502.664,1088.077,1.799,1.814
1351038081.844,9204300,-11071,14681,1806.270,901.966,1.854,1.828
1351038082.875,9204300,-11329,15717,1777.182,1109.329,1.753,1.755
1351038083.879,9204300,-11451,16818,1743.099,1209.308,1.753,1.659
1351038084.889,9204300,-11672,18102,1876.915,1236.232,1.687,1.668
1351038085.925,9204300,-11842,19463,1955.784,1218.384,1.502,1.607
1351038086.947,9204300,-11631,20811,1953.771,1625.361,1.374,1.293
1351038087.961,9204300,-12198,22033,2123.307,1070.598,1.811,2.025
###,,,,,,,
1351038053.164,9205300,41647,-18460,1692.179,1066.326,-2.983,0.000
1351038054.201,9205300,40423,-18393,1614.401,1418.285,2.924,2.958
1351038055.218,9205300,38987,-18218,1608.861,1433.484,-3.084,-3.112
1351038056.230,9205300,37236,-17946,1601.463,1701.652,-3.139,3.116
1351038057.262,9205300,35676,-17905,1655.065,1893.442,-2.939,-2.998
1351038058.275,9205300,34206,-17754,1655.968,1192.156,2.867,2.988
1351038059.298,9205300,32895,-17709,1649.470,1442.246,-3.046,-3.047
1351038060.313,9205300,31334,-17165,1526.752,1599.932,2.265,2.423
1351038061.340,9205300,29740,-16699,1677.446,1613.374,2.568,2.639
1351038062.360,9205300,28477,-16220,1817.029,1284.286,2.544,2.596
1351038063.367,9205300,27428,-15982,1643.073,930.966,2.309,2.345
1351038064.376,9205300,25953,-15120,1596.257,1551.255,2.572,2.562
1351038065.396,9205300,24634,-14525,1687.393,1374.821,2.566,2.563
1351038066.413,9205300,23311,-13929,1548.022,1986.877,2.651,2.557
1351038067.432,9205300,21999,-13295,1669.986,1431.965,2.458,2.539
1351038068.460,9205300,20857,-12562,1732.476,1706.900,2.532,2.545
1351038069.490,9205300,20038,-12028,1702.692,893.420,2.709,2.777
1351038070.495,9205300,19038,-11186,1613.003,1013.166,2.413,2.405
1351038071.520,9205300,17472,-10295,1647.998,1620.976,2.553,2.606
1351038072.526,9205300,16485,-9240,1631.794,1359.927,2.413,2.432
1351038073.552,9205300,15512,-8177,1609.833,1366.824,2.286,2.286
1351038074.578,9205300,14438,-7169,1668.178,1567.017,2.544,2.465
1351038075.584,9205300,13554,-6231,1649.321,1352.484,2.258,2.348
1351038076.587,9205300,12616,-5288,1567.977,1017.115,2.520,2.484
1351038077.598,9205300,11528,-4165,1673.078,1396.318,2.515,2.533
1351038078.599,9205300,10539,-3144,1563.294,1243.696,2.542,2.567
1351038079.615,9205300,9761,-2177,1679.514,1127.361,2.492,2.435
1351038080.637,9205300,8921,-1078,1534.960,1155.226,2.446,2.525
1351038081.640,9205300,8099,454,1492.076,1754.049,2.030,2.082
1351038082.677,9205300,7787,1790,1367.484,1356.347,2.109,2.176
1351038083.684,9205300,7424,3123,1300.466,1071.838,1.913,1.866
1351038084.695,9205300,6717,4537,1519.096,1347.347,1.909,1.891
1351038085.722,9205300,6204,5728,1576.036,1453.623,1.994,1.989
###,,,,,,,
1351038054.358,9205400,-14184,13450,1346.281,1838.391,-2.405,0.000
1351038055.371,9205400,-15616,11889,1258.856,2213.530,-2.356,-2.303
1351038056.393,9205400,-16968,10388,1299.167,1697.487,-2.290,-2.213
1351038057.430,9205400,-18592,9137,1462.275,2124.920,-2.491,-2.456
1351038058.467,9205400,-20059,7866,1597.923,1965.530,-2.484,-2.468
1351038059.485,9205400,-21203,6838,1510.488,1204.407,-2.425,-2.442
1351038060.499,9205400,-22477,5529,1692.403,1545.546,-2.361,-2.328
1351038061.530,9205400,-23866,4460,1625.357,1376.091,-2.054,-2.087
1351038062.544,9205400,-25611,3760,1667.779,1902.876,-2.646,-2.745
1351038063.552,9205400,-26698,2531,1731.657,1135.344,-2.495,-2.568
1351038064.563,9205400,-27697,1166,1723.528,1583.359,-2.395,-2.313
1351038065.580,9205400,-28733,-91,1655.531,1753.342,-2.161,-2.123
1351038066.596,9205400,-28869,-282,1554.273,799.746,-2.138,-2.119
1351038067.616,9205400,-29324,-646,1620.611,958.416,-2.497,-2.516
1351038068.618,9205400,-30040,-1885,1421.761,1517.678,-2.185,-2.254
1351038069.645,9205400,-31588,-2991,1713.504,1473.485,-2.555,-2.575
1351038070.654,9205400,-33084,-3547,1721.458,1466.262,-2.710,-2.775
###,,,,,,,
1351038057.890,9205700,42410,-18367,1670.113,1715.538,-3.058,0.000
1351038058.923,9205700,41137,-18387,1640.849,1005.205,2.779,2.819
1351038059.941,9205700,39623,-18393,1700.572,1519.523,2.809,2.827
1351038060.942,9205700,37951,-18167,1692.849,1717.924,2.693,2.727
1351038061.952,9205700,36548,-18110,1709.936,1478.317,-2.887,-2.899
###,,,,,,,
1351038063.149,9210300,33825,-17822,1008.704,1580.424,2.882,0.000
1351038064.150,9210300,32703,-17875,1696.617,926.834,-3.139,3.103
1351038065.169,9210300,30852,-17099,1653.769,1820.349,2.728,2.822
1351038066.188,9210300,29331,-16500,1714.706,1420.178,2.692,2.622
1351038067.200,9210300,27944,-16016,1688.325,1143.658,2.730,2.827
1351038068.227,9210300,26336,-15261,1550.238,1599.693,2.655,2.702
1351038069.230,9210300,24912,-14668,1689.469,1482.514,2.686,2.698
1351038070.263,9210300,23332,-14105,1659.890,1326.095,2.692,2.699
1351038071.286,9210300,21747,-13430,1623.354,1508.852,3.014,2.995
1351038072.294,9210300,20469,-12498,1876.361,1365.584,2.598,2.616
1351038073.315,9210300,19442,-11695,1766.982,1317.678,2.652,2.667
1351038074.351,9210300,17494,-10903,1746.981,2330.755,3.017,2.994
1351038075.391,9210300,16275,-9851,1723.173,1477.915,2.410,2.384
1351038076.392,9210300,14907,-8770,1708.012,1450.305,2.358,2.334
1351038077.414,9210300,13734,-7656,1790.894,1594.643,2.414,2.328
1351038078.444,9210300,12680,-6647,1810.971,1269.926,2.130,2.231
1351038079.456,9210300,11120,-5534,1697.497,1671.316,2.574,2.647
1351038080.481,9210300,9778,-4578,1715.215,1663.398,2.590,2.575
1351038081.483,9210300,8617,-3542,1710.772,1564.974,2.386,2.453
1351038082.484,9210300,7477,-2521,1691.232,1955.602,2.211,2.314
1351038083.520,9210300,6130,-1454,1740.772,1597.185,2.523,2.579
1351038084.540,9210300,4883,-266,1733.632,1773.625,2.481,2.344
1351038085.563,9210300,3695,686,1497.831,1460.769,2.533,2.578
1351038086.595,9210300,2220,1225,1531.966,1653.281,2.795,2.806
1351038087.606,9210300,514,1710,1721.901,1787.976,3.135,-3.136
1351038088.626,9210300,-939,1874,1723.514,1228.562,-3.122,-3.137
1351038089.647,9210300,-2636,2390,1675.354,1774.975,3.091,3.065
1351038090.666,9210300,-3761,2796,1881.393,1005.914,2.035,2.920
###,,,,,,,
1351038064.824,9210400,17418,-11193,1331.169,1276.956,2.390,0.000
1351038065.852,9210400,16467,-10591,1668.982,1187.254,2.460,2.398
1351038066.857,9210400,15676,-9605,1576.429,1329.216,2.002,1.990
1351038067.883,9210400,14887,-8917,1591.868,967.869,2.368,2.483
1351038068.884,9210400,14004,-8084,1644.782,905.603,2.258,2.329
1351038069.911,9210400,13088,-7384,1622.789,1339.696,2.403,2.381
1351038070.926,9210400,12460,-6727,1633.105,763.862,2.182,2.239
1351038071.951,9210400,11821,-6061,1636.284,1167.436,2.266,2.320
1351038072.953,9210400,10732,-4714,1569.702,1705.488,2.482,2.529
1351038073.994,9210400,10264,-3488,1527.328,1085.037,2.019,1.992
1351038075.005,9210400,9870,-2563,1561.829,928.724,1.808,1.755
1351038076.014,9210400,9171,-1569,1631.546,1314.827,2.071,2.069
1351038077.034,9210400,8624,-579,1558.088,1283.512,2.089,2.087
1351038078.068,9210400,8002,548,1510.453,1186.940,2.374,2.339
1351038079.099,9210400,7726,1532,1436.927,891.996,1.854,1.887
1351038080.129,9210400,7429,2885,1398.716,1405.747,1.797,1.777
1351038081.154,9210400,7280,3730,1397.299,1029.908,1.706,1.746
1351038082.163,9210400,6806,5443,1397.299,1230.808,1.709,1.687
###,,,,,,,
1351038067.351,9210700,42366,-18297,1666.660,996.399,-3.028,0.000
1351038068.381,9210700,41222,-18331,1623.297,1229.798,2.865,2.888
1351038069.415,9210700,39673,-18566,1677.801,1675.990,-2.907,-2.947
1351038070.416,9210700,38110,-18477,1688.996,1610.578,-2.953,-3.084
1351038071.443,9210700,36345,-18310,1666.286,1721.577,-3.081,-3.098
1351038072.449,9210700,35006,-18244,1594.811,1277.458,2.699,2.687
1351038073.476,9210700,33324,-18304,1715.886,1587.607,-3.115,3.081
1351038074.506,9210700,31643,-18021,1615.550,1874.391,2.838,2.949
###,,,,,,,
1351038068.537,9210800,42081,-20833,1400.873,659.340,-2.439,0.000
1351038069.571,9210800,40605,-20866,1577.808,1646.001,2.832,2.854
1351038070.575,9210800,39526,-19965,1658.961,1110.336,2.667,2.717
1351038071.595,9210800,38489,-19741,1796.581,1155.382,2.816,2.846
1351038072.604,9210800,37463,-19269,1676.855,1127.045,2.638,2.624
1351038073.630,9210800,36387,-19031,1650.400,861.177,2.545,2.639
1351038074.656,9210800,35146,-18765,1626.911,1070.165,2.724,2.830
1351038075.666,9210800,34214,-18408,1706.030,1123.286,2.958,2.963
1351038076.668,9210800,32974,-18205,1721.608,1329.130,3.075,3.133
1351038077.670,9210800,31669,-17540,1667.243,2083.976,2.777,2.742
1351038078.676,9210800,30454,-17128,1599.474,1254.275,2.707,2.797
1351038079.695,9210800,29122,-16644,1684.966,1286.685,2.579,2.679
1351038080.715,9210800,28078,-16299,1796.669,1057.764,2.769,2.843
1351038081.721,9210800,26935,-15794,1566.526,1608.426,2.547,2.510
1351038082.759,9210800,25777,-15326,1502.421,953.099,2.560,2.581
1351038083.762,9210800,24489,-14875,1582.704,1111.021,2.427,2.441
1351038084.771,9210800,23301,-14564,1676.882,1182.740,2.821,2.874
1351038085.806,9210800,22062,-13990,1558.948,1101.222,2.532,2.528
1351038086.831,9210800,20955,-13507,1661.394,1092.287,2.711,2.700
1351038087.848,9210800,20043,-12906,1739.518,981.786,2.445,2.454
1351038088.863,9210800,19328,-12269,1733.016,1013.075,2.397,2.439
1351038089.871,9210800,18558,-11550,1858.424,892.951,2.537,2.535
1351038090.895,9210800,16931,-10841,1787.888,1599.257,2.776,2.841
1351038091.913,9210800,16309,-9860,1645.274,962.421,1.952,1.907
1351038092.930,9210800,15299,-8657,1786.519,1349.972,2.218,2.145
1351038093.967,9210800,14455,-7850,1709.863,1212.702,2.421,2.371
1351038095.000,9210800,13560,-7057,1757.198,1127.637,2.342,2.348
1351038096.005,9210800,12749,-6200,1694.958,1246.816,2.210,2.213
1351038097.030,9210800,11729,-5287,1684.035,1507.734,2.284,2.334
1351038098.033,9210800,10836,-4317,1671.721,1282.055,2.430,2.377
1351038099.044,9210800,10097,-3528,1676.258,1146.404,2.388,2.392
1351038100.045,9210800,9315,-2796,1764.186,1147.866,2.365,2.341
1351038101.054,9210800,8698,-1855,1762.615,909.895,2.270,2.253
1351038102.065,9210800,7877,-1075,1777.891,829.200,2.378,2.435
1351038103.088,9210800,7225,-105,1793.517,1197.375,2.268,2.294
1351038104.113,9210800,6432,722,1610.208,1175.758,2.607,2.605
1351038105.120,9210800,5794,1263,1536.352,1092.391,2.473,2.475
1351038106.145,9210800,4606,1508,1431.478,1018.896,2.980,3.039
1351038107.175,9210800,2868,1839,1611.311,1667.100,2.659,2.800
1351038108.204,9210800,1478,2081,1665.093,1260.107,2.917,2.976
1351038109.242,9210800,0,2321,1639.606,1362.535,2.910,2.940
1351038110.267,9210800,-1456,2484,1665.509,1338.672,2.575,2.633
1351038111.284,9210800,-2973,2619,1606.042,1172.298,2.925,2.970
1351038112.295,9210800,-4578,2575,1601.381,1355.604,-2.796,-2.912
1351038113.304,9210800,-6265,2988,1365.908,1357.107,2.796,2.758
1351038114.317,9210800,-7998,2951,1463.127,1514.890,-2.880,-2.980
1351038115.348,9210800,-9535,3278,1382.360,1202.484,2.969,2.987
1351038116.383,9210800,-11216,3383,1606.154,1410.861,2.980,3.074
1351038117.393,9210800,-12813,3565,1579.873,1232.110,3.011,3.071
1351038118.405,9210800,-14343,3842,1269.300,1460.356,2.997,2.955
1351038119.428,9210800,-16274,3820,1602.140,2009.787,-3.004,-3.060
1351038120.462,9210800,-17784,3966,1539.335,1623.807,3.124,3.121
1351038121.465,9210800,-19277,4031,1573.194,1658.963,3.018,2.970
1351038122.474,9210800,-20696,3926,1425.017,1427.733,2.986,2.987
1351038123.475,9210800,-22586,3117,1724.503,2424.967,-2.645,-2.697
1351038124.509,9210800,-24046,2632,1498.142,1351.591,-2.648,-2.688
1351038125.546,9210800,-25501,1822,1516.902,1412.135,-2.641,-2.654
1351038126.547,9210800,-26977,1207,1709.698,1593.107,-2.647,-2.663
1351038127.581,9210800,-28407,530,1637.945,1290.901,-2.480,-2.525
1351038128.620,9210800,-29606,-17,1736.688,833.055,3.017,3.122
1351038129.643,9210800,-31253,-1063,1627.930,1613.905,-2.679,-2.774
1351038130.678,9210800,-32785,-1723,1722.410,1470.902,-2.713,-2.834
1351038131.688,9210800,-34127,-2368,1702.238,1506.583,-2.650,-2.656
1351038132.728,9210800,-35475,-2894,1706.384,1479.468,-2.734,-2.769
1351038133.755,9210800,-37035,-2829,1793.941,1401.503,2.961,3.023
1351038134.760,9210800,-38464,-2788,1763.902,1327.178,2.738,2.893
1351038135.779,9210800,-40348,-2356,1725.490,1589.598,2.938,2.918
###,,,,,,,
1351038069.947,9210900,40160,-17780,1699.430,1529.795,3.013,0.000
1351038070.970,9210900,38373,-17629,1690.067,1956.963,3.035,3.042
1351038071.987,9210900,36559,-17419,1627.294,1697.390,2.939,2.987
1351038072.997,9210900,34828,-17425,1544.530,1217.698,3.021,3.030
1351038074.033,9210900,32892,-16962,1510.462,1765.633,3.055,3.119
1351038075.043,9210900,31037,-16478,1474.285,1675.907,2.928,3.023
1351038076.053,9210900,29164,-16033,1838.312,1446.351,2.917,2.956
1351038077.074,9210900,27573,-15636,1693.388,1579.874,2.685,2.743
1351038078.104,9210900,25666,-14882,1706.754,1757.801,2.719,2.820
1351038079.137,9210900,23984,-14306,1644.102,1668.234,2.781,2.874
1351038080.169,9210900,22381,-13548,1550.796,1362.994,2.565,2.596
1351038081.192,9210900,20895,-12727,1767.421,1321.582,2.300,2.359
1351038082.202,9210900,19636,-11880,1714.911,1178.896,2.537,2.592
1351038083.236,9210900,17540,-10758,1742.307,2690.626,2.765,2.786
1351038084.271,9210900,16286,-9691,1608.076,2036.448,2.441,2.481
1351038085.282,9210900,15084,-8649,1679.950,1388.930,2.391,2.424
1351038086.318,9210900,13650,-7055,1670.602,1926.475,2.424,2.403
1351038087.340,9210900,12484,-6079,1724.327,1452.558,2.527,2.572
1351038088.358,9210900,11058,-4556,1673.015,1876.214,2.378,2.250
1351038089.373,9210900,9690,-3516,1689.971,1841.409,2.365,2.414
1351038090.397,9210900,8467,-2500,1801.941,1305.905,2.503,2.592
1351038091.424,9210900,7221,-1330,1734.211,1430.452,2.232,2.223
1351038092.463,9210900,5711,-37,1615.662,1586.990,2.543,2.555
1351038093.466,9210900,4255,844,1552.589,1474.475,2.552,2.611
1351038094.468,9210900,2690,1564,1571.266,1425.520,2.679,2.701
1351038095.503,9210900,1132,2270,1685.474,1449.457,2.703,2.749
1351038096.523,9210900,-619,2678,1721.290,1975.054,2.707,2.709
1351038097.530,9210900,-1960,3281,1668.510,1666.740,2.521,2.586
1351038098.533,9210900,-3573,3314,1619.742,1695.642,-3.120,3.138
1351038099.551,9210900,-5596,3223,1016.809,2019.937,-2.650,-2.785
1351038100.582,9210900,-7403,3417,1512.592,1431.982,-3.113,3.137
1351038101.591,9210900,-9154,3464,1385.200,1751.246,-2.818,-2.844
1351038102.610,9210900,-10792,3693,1612.215,1351.628,-3.053,-3.115
1351038103.640,9210900,-12521,3546,1640.351,1344.532,-3.098,-3.030
1351038104.676,9210900,-14157,3688,1673.830,1382.956,2.786,2.849
1351038105.695,9210900,-15809,3656,1593.643,1561.446,3.056,3.064
1351038106.728,9210900,-17454,3798,1608.937,1427.965,3.130,-3.127
1351038107.753,9210900,-19021,3862,1688.496,1673.177,-3.083,3.137
1351038108.781,9210900,-20561,3882,1496.168,1466.234,2.900,2.905
1351038109.823,9210900,-22565,3229,1243.337,2157.756,-2.854,-2.904
1351038110.838,9210900,-24041,2913,1436.913,1395.878,-2.860,-2.929
1351038111.856,9210900,-25814,2277,1584.523,1618.032,-2.659,-2.680
1351038112.859,9210900,-27200,1633,1608.047,1481.725,-2.711,-2.743
1351038113.883,9210900,-28600,718,1596.443,1446.128,-2.619,-2.607
1351038114.915,9210900,-30176,-162,1558.222,1719.854,-2.978,-3.096
1351038115.925,9210900,-31878,-836,1736.327,1633.788,-2.706,-2.843
1351038116.929,9210900,-33088,-1387,1650.800,1413.288,-2.696,-2.801
1351038117.934,9210900,-34675,-2176,1762.707,1662.267,-2.532,-2.555
1351038118.971,9210900,-36197,-2591,1806.412,1596.794,-2.724,-2.825
1351038119.982,9210900,-37658,-2764,1776.236,1434.520,-2.916,-2.970
1351038121.015,9210900,-39293,-2967,1703.491,1395.490,-2.894,-2.875
###,,,,,,,
1351038070.885,9211000,39166,-20598,1563.431,1066.411,2.949,0.000
1351038071.911,9211000,38144,-20263,1734.220,1057.001,2.850,2.963
1351038072.916,9211000,37090,-20016,1668.577,800.851,2.743,2.871
1351038073.952,9211000,35815,-19576,1571.817,1381.900,2.938,2.945
1351038074.966,9211000,34725,-19219,1650.063,1025.012,2.809,2.858
1351038075.975,9211000,33610,-18949,1571.837,1127.699,2.580,2.676
1351038076.990,9211000,32257,-18908,1610.090,1498.732,3.128,3.094
1351038077.996,9211000,30993,-18326,1398.257,1373.591,2.799,2.761
1351038079.021,9211000,29754,-17687,1430.369,1300.270,2.739,2.740
1351038080.053,9211000,28602,-17305,1593.385,1207.182,2.585,2.599
1351038081.076,9211000,27480,-16920,1646.281,1130.115,2.868,2.746
1351038082.085,9211000,26400,-16642,1524.339,995.929,2.888,2.894
1351038083.115,9211000,25053,-16006,1617.818,1192.647,2.561,2.651
1351038084.158,9211000,23997,-15681,1563.615,749.207,3.043,3.039
1351038085.163,9211000,22640,-14961,1522.445,1449.589,2.627,2.614
1351038086.199,9211000,21303,-14478,1563.277,1918.308,2.710,2.780
1351038087.220,9211000,20468,-13995,1583.398,1030.545,2.417,2.435
1351038088.234,9211000,19472,-13416,1613.317,948.656,2.564,2.559
1351038089.257,9211000,18402,-12921,1567.112,1300.055,-3.026,3.122
1351038090.284,9211000,17577,-11886,1496.211,1326.110,2.440,2.489
1351038091.315,9211000,16446,-11161,1639.099,1032.723,2.235,2.168
1351038092.344,9211000,15427,-10238,1557.628,1240.152,2.335,2.401
1351038093.348,9211000,14627,-9119,1629.520,1368.517,2.180,2.153
1351038094.353,9211000,13735,-8217,1591.420,1061.896,2.262,2.309
1351038095.386,9211000,12911,-7368,1675.944,1013.885,2.531,2.558
1351038096.403,9211000,11986,-6485,1612.924,1357.108,2.404,2.472
1351038097.417,9211000,10980,-5619,1545.948,1061.159,2.536,2.521
1351038098.456,9211000,10125,-4755,1495.360,1223.164,2.367,2.344
1351038099.469,9211000,9465,-3803,1659.567,867.518,2.329,2.374
1351038100.472,9211000,8686,-3005,1597.226,1105.798,2.391,2.398
1351038101.474,9211000,7967,-2144,1632.811,794.728,2.256,2.224
1351038102.487,9211000,7036,-1010,1565.916,1151.959,2.238,2.201
1351038103.526,9211000,6222,51,1527.695,1198.554,2.231,2.290
1351038104.553,9211000,5581,820,1547.156,940.297,2.403,2.451
1351038105.566,9211000,4672,1840,1440.484,1430.296,2.344,2.354
1351038106.602,9211000,3771,2846,1439.968,1447.872,2.293,2.286
1351038107.635,9211000,3121,3904,1567.958,1182.321,2.103,2.180
1351038108.659,9211000,2619,5213,1526.137,1205.267,1.960,1.983
1351038109.699,9211000,2067,6274,1478.597,1536.120,2.312,2.316
1351038110.718,9211000,1489,7379,1559.356,988.678,1.963,2.058
1351038111.734,9211000,1143,8503,1504.727,1266.420,1.922,1.884
1351038112.739,9211000,1166,9640,1511.351,1262.919,1.371,1.349
1351038113.774,9211000,797,10807,1624.869,906.201,1.981,1.996
###,,,,,,,
1351038076.278,9211600,28872,-17172,1893.150,1578.609,2.771,0.000
1351038077.304,9211600,27747,-17003,1747.882,1145.730,2.794,2.808
1351038078.326,9211600,26207,-16515,1536.220,1519.619,2.723,2.730
1351038079.335,9211600,24751,-15927,1587.954,1349.061,2.704,2.921
1351038080.365,9211600,23471,-15531,1617.308,1261.688,2.798,2.771
1351038081.400,9211600,22072,-14938,1629.192,1291.082,2.508,2.529
1351038082.401,9211600,20675,-14230,1687.431,1459.025,2.585,2.598
1351038083.441,9211600,19596,-13469,1770.707,951.603,2.284,2.343
1351038084.467,9211600,18731,-12662,1652.738,1065.973,2.294,2.302
1351038085.486,9211600,17032,-11515,1729.552,2150.206,2.613,2.620
1351038086.515,9211600,16049,-10588,1735.395,1304.264,2.260,2.189
1351038087.530,9211600,14949,-9507,1659.594,1400.935,2.515,2.505
1351038088.553,9211600,13785,-8215,1766.918,1630.431,2.394,2.430
1351038089.570,9211600,12738,-7571,1764.229,1184.324,2.438,2.502
1351038090.591,9211600,11578,-6628,1682.962,1417.659,2.554,2.580
1351038091.614,9211600,10449,-5413,1614.271,1449.411,2.378,2.339
1351038092.622,9211600,9561,-4450,1657.842,1278.799,2.261,2.374
1351038093.658,9211600,8341,-3349,1746.504,1791.345,2.211,2.281
1351038094.662,9211600,7547,-2081,1626.149,1534.260,2.170,2.172
1351038095.693,9211600,6396,-952,1682.033,1318.601,2.362,2.438
1351038096.719,9211600,5346,-20,1629.935,1158.873,2.436,2.564
1351038097.722,9211600,4201,1141,1521.420,1660.857,2.381,2.414
1351038098.726,9211600,3646,2476,1537.815,1457.133,1.909,1.850
1351038099.738,9211600,3586,3720,1628.571,1313.811,1.514,1.471
1351038100.739,9211600,3496,4946,1705.478,1288.556,1.443,1.451
1351038101.747,9211600,3538,5717,1740.120,709.605,1.516,1.660
###,,,,,,,
1351038078.482,9211800,42716,-18584,1663.039,885.089,-2.983,0.000
1351038079.495,9211800,41684,-18400,1765.709,867.190,-3.011,-3.081
1351038080.522,9211800,40369,-18358,1718.845,1167.348,-3.084,-3.122
1351038081.523,9211800,39218,-18138,1703.244,964.724,2.858,2.931
1351038082.562,9211800,37692,-18003,1715.443,1411.873,2.725,2.807
1351038083.601,9211800,36130,-17895,1726.183,1292.390,-2.940,-3.026
1351038084.616,9211800,34672,-17780,1755.719,1173.492,3.102,3.050
1351038085.646,9211800,33433,-17734,1710.944,1407.623,3.027,3.063
1351038086.669,9211800,31904,-17382,1649.535,1579.081,2.911,2.962
1351038087.685,9211800,30409,-16940,1673.741,1520.931,2.786,2.841
1351038088.706,9211800,29192,-16478,1763.408,1029.754,2.782,2.861
1351038089.723,9211800,27995,-16025,1745.805,1349.067,2.717,2.740
1351038090.741,9211800,26709,-15689,1627.181,1263.186,2.760,2.785
1351038091.764,9211800,25407,-15166,1747.020,1215.329,2.604,2.724
1351038092.777,9211800,24119,-14728,1675.316,1285.673,2.489,2.528
1351038093.812,9211800,22680,-14242,1656.428,1609.460,2.660,2.769
1351038094.817,9211800,21405,-13741,1689.994,1192.853,2.550,2.553
1351038095.847,9211800,20388,-13222,1734.597,1004.631,2.463,2.591
1351038096.873,9211800,19404,-12614,1779.892,931.737,2.445,2.469
1351038097.879,9211800,18289,-12038,1661.215,1018.184,2.719,2.759
1351038098.883,9211800,16531,-11230,1694.169,1531.439,2.508,2.563
1351038099.895,9211800,15678,-10506,1725.346,1122.290,2.497,2.549
1351038100.897,9211800,14701,-9581,1767.296,1337.351,2.344,2.324
1351038101.906,9211800,13690,-8504,1769.253,1787.915,2.350,2.232
1351038102.927,9211800,12814,-7714,1725.155,1243.020,2.200,2.228
1351038103.961,9211800,11889,-6819,1739.545,1190.252,2.290,2.308
1351038104.998,9211800,10732,-5791,1638.237,1160.625,2.463,2.385
1351038106.019,9211800,9843,-4891,1680.163,1277.493,2.449,2.420
1351038107.051,9211800,8996,-4000,1729.911,1065.021,2.419,2.387
1351038108.078,9211800,7906,-3216,1616.383,1290.821,2.423,2.475
1351038109.118,9211800,7008,-2223,1629.204,1268.065,2.311,2.311
1351038110.147,9211800,5938,-1269,1725.235,1064.476,2.320,2.336
1351038111.160,9211800,5109,-292,1710.209,1125.317,2.223,2.336
1351038112.175,9211800,3955,517,1570.718,1345.004,2.611,2.711
1351038113.184,9211800,2690,1158,1624.305,1475.506,2.599,2.653
1351038114.197,9211800,1441,1593,1583.752,1285.487,2.820,2.805
1351038115.230,9211800,133,1689,1689.888,1148.013,2.862,2.925
1351038116.234,9211800,-1293,1738,1786.347,1603.678,-2.820,-2.942
1351038117.239,9211800,-2457,2299,1722.673,1428.884,2.772,2.965
1351038118.246,9211800,-3630,2410,1751.020,1057.576,2.275,2.295
1351038120.141,9211800,-6580,2442,1449.063,1097.418,3.056,0.000
1351038121.160,9211800,-8003,2461,1444.875,2070.163,-3.045,-3.107
1351038122.175,9211800,-9324,2419,1494.399,1391.522,2.924,3.031
1351038123.214,9211800,-10633,2531,1661.887,1043.028,3.040,3.078
1351038124.232,9211800,-11979,2422,1592.133,1068.107,-3.113,-3.062
1351038125.267,9211800,-13374,2637,1564.690,1237.831,3.125,3.097
1351038126.275,9211800,-14729,2797,1612.294,1248.610,2.816,2.872
1351038127.305,9211800,-16034,2977,1580.125,1150.188,3.026,3.104
1351038128.345,9211800,-17427,3073,1551.388,1402.371,2.960,3.012
1351038129.367,9211800,-18842,3097,1710.911,1652.846,-3.123,3.140
1351038130.400,9211800,-20244,3402,1445.495,1506.563,3.029,3.026
1351038131.406,9211800,-21224,3796,1188.344,956.924,2.702,2.741
1351038132.446,9211800,-22443,3947,830.506,716.524,2.746,2.917
1351038133.448,9211800,-24245,3162,1543.156,1147.896,-2.945,-2.987
1351038134.451,9211800,-25673,3632,1721.766,1337.535,2.917,2.911
1351038135.456,9211800,-26646,3257,1780.768,908.335,-3.033,-2.966
1351038136.484,9211800,-28044,3366,1746.012,1105.416,2.988,2.991
1351038137.492,9211800,-29361,3566,1701.612,1197.484,2.799,2.799
1351038138.497,9211800,-30659,3138,1767.313,944.860,-2.867,-2.859
###,,,,,,,
1351038086.119,9212600,47090,-23328,1610.782,1797.688,-1.564,0.000
###,,,,,,,
1351038088.234,9212800,46989,-21888,1614.652,1395.528,-1.711,0.000
1351038089.257,9212800,47034,-23327,1752.398,1345.039,-1.544,-1.453
###,,,,,,,
1351038091.950,9213100,-6385,2855,1365.439,1501.534,2.845,0.000
1351038092.967,9213100,-7858,2940,1576.051,1315.206,2.950,3.001
1351038094.005,9213100,-9684,3146,1680.958,1954.914,2.938,3.023
1351038095.041,9213100,-11161,3487,1523.317,1562.493,2.869,2.898
1351038096.044,9213100,-12774,3427,1538.073,1652.349,-3.009,-3.049
1351038097.066,9213100,-14353,3683,1539.622,1239.071,-2.979,-2.950
1351038098.070,9213100,-15868,3677,1602.642,1714.407,-2.824,-2.924
1351038099.080,9213100,-17628,3803,1593.995,1737.876,-2.990,-3.010
1351038100.085,9213100,-19105,3761,1611.473,1420.731,-2.967,-3.031
1351038101.092,9213100,-20490,3745,1404.530,1427.085,-2.966,-3.091
1351038102.102,9213100,-22209,3229,1761.474,1334.362,-2.567,-2.887
1351038103.126,9213100,-23897,2616,1692.065,1883.022,-2.632,-2.747
1351038104.153,9213100,-25326,1886,1549.941,1406.334,-2.602,-2.582
1351038105.164,9213100,-26777,1235,1655.769,1477.120,-2.695,-2.844
1351038106.186,9213100,-28057,657,1612.002,1213.527,-2.706,-2.703
1351038107.217,9213100,-29586,-315,1586.948,1799.810,-2.514,-2.580
1351038108.246,9213100,-31333,-826,1648.195,1723.567,-2.966,-3.087
1351038109.283,9213100,-32854,-1376,1813.075,1361.334,-2.731,-2.830
1351038110.312,9213100,-34210,-1980,1747.477,1463.142,-2.733,-2.757
1351038111.325,9213100,-35579,-2606,1810.983,1294.448,-2.531,-2.522
1351038112.334,9213100,-37037,-2840,1828.912,1405.733,-2.763,-2.788
1351038113.344,9213100,-38430,-2883,1757.650,1241.065,-3.021,3.119
1351038114.360,9213100,-40116,-2225,1834.828,1467.239,2.394,2.665
###,,,,,,,
1351038093.312,9213300,42250,-18287,1519.637,897.688,-3.083,0.000
1351038094.353,9213300,41179,-18365,1594.287,980.757,-2.905,-2.886
1351038095.386,9213300,39716,-18211,1577.030,1281.634,3.049,3.008
1351038096.403,9213300,38351,-18071,1542.837,1241.644,2.964,2.988
1351038097.417,9213300,36659,-17938,1530.223,1359.254,-3.119,-3.089
1351038098.456,9213300,35237,-17766,1566.148,1263.586,-3.061,-3.076
1351038099.469,9213300,33894,-17583,1558.085,1205.844,-3.045,-3.070
1351038100.472,9213300,32359,-17134,1475.113,1840.529,2.713,2.799
1351038101.474,9213300,30861,-16674,1543.582,1522.678,2.771,2.865
1351038102.487,9213300,29596,-16208,1627.324,1052.853,2.874,2.944
1351038103.526,9213300,28256,-15927,1644.632,1436.168,2.684,2.690
1351038104.553,9213300,26960,-15533,1569.465,1436.674,2.832,2.847
1351038105.566,9213300,25668,-15111,1613.451,1280.517,2.655,2.831
1351038106.602,9213300,24379,-14643,1629.584,1152.355,2.698,2.803
1351038107.635,9213300,23247,-14539,1507.386,1094.479,-2.983,-2.983
1351038108.659,9213300,21779,-13827,1585.242,1317.080,2.667,2.771
1351038109.699,9213300,20591,-13423,1658.458,1054.885,2.604,2.675
1351038110.718,9213300,19505,-12977,1625.807,1104.993,2.565,2.534
1351038111.734,9213300,18394,-12378,1580.972,1425.562,2.447,2.510
1351038112.739,9213300,16986,-11461,1613.510,1777.459,2.462,2.440
1351038113.774,9213300,15910,-10557,1591.177,1264.568,2.374,2.499
1351038114.791,9213300,14887,-9358,1905.930,1755.962,2.276,2.276
1351038115.804,9213300,13989,-8339,1636.738,1470.989,2.299,2.242
1351038116.815,9213300,13082,-7494,1644.807,1004.220,2.512,2.437
1351038117.817,9213300,12098,-6725,1625.972,1291.606,2.350,2.359
1351038118.848,9213300,10893,-5742,1564.104,1252.405,2.455,2.478
1351038119.866,9213300,9898,-4795,1585.893,1231.553,2.449,2.437
1351038120.895,9213300,8882,-3719,1649.303,1269.983,2.308,2.295
1351038121.905,9213300,7815,-2898,1585.326,1055.010,2.593,2.657
1351038122.921,9213300,6714,-1678,1570.886,1684.115,2.222,2.164
1351038123.934,9213300,5629,-827,1574.561,1199.936,2.540,2.470
1351038124.945,9213300,4584,-9,1575.471,1527.692,2.673,2.722
1351038020.326,9190601,-36667,-3154,1576.833,928.409,-3.074,3.129
1351038021.350,9190601,-37689,-3174,1607.869,972.666,-2.828,-2.895
1351038022.372,9190601,-38605,-3094,1587.450,944.353,-3.118,-3.128
1351038023.405,9190601,-39746,-2698,1595.032,1341.600,2.734,2.752
###,,,,,,,
1351038020.326,9190701,26637,-15106,1580.454,667.811,3.096,3.139
1351038021.350,9190701,26032,-14681,1682.646,274.215,2.649,2.787
1351038022.372,9190701,25072,-14352,1687.030,742.315,2.711,2.684
1351038023.405,9190701,24339,-14000,1683.483,901.782,2.386,2.452
1351038024.421,9190701,23689,-13773,1625.293,999.002,2.555,2.628
1351038025.425,9190701,22633,-13448,1661.813,953.668,2.716,2.772
1351038026.449,9190701,22072,-13116,1675.654,872.626,2.544,2.607
1351038027.475,9190701,21378,-12802,1733.405,770.038,2.706,2.754
1351038028.488,9190701,20838,-12361,1735.299,860.510,2.417,2.450
1351038029.515,9190701,20554,-11986,1811.247,810.787,2.164,2.177
1351038030.552,9190701,19855,-11590,1715.280,829.148,2.576,2.537
1351038031.556,9190701,19335,-11140,1722.007,865.441,2.148,2.232
1351038032.570,9190701,18755,-10726,1708.058,1008.734,2.278,2.351
1351038033.605,9190701,18063,-10201,1641.161,973.970,2.435,2.503
1351038034.624,9190701,16867,-9565,1723.592,1140.016,2.623,2.668
1351038035.641,9190701,16408,-8873,1719.074,755.623,2.234,2.248
1351038036.669,9190701,15849,-8389,1675.884,723.518,2.406,2.418
1351038037.671,9190701,15322,-7767,1773.526,974.545,2.023,2.018
1351038038.697,9190701,14705,-7222,1719.182,850.352,2.302,2.244
1351038039.698,9190701,14197,-6692,1741.599,732.623,2.394,2.405
1351038040.732,9190701,13663,-6132,1629.569,690.619,2.247,2.281
1351038041.762,9190701,13240,-5440,1722.379,923.132,1.909,1.884
1351038042.782,9190701,12545,-4831,1686.269,1431.243,2.087,2.052
1351038043.808,9190701,11809,-4075,1673.401,1031.856,2.239,2.276
1351038044.814,9190701,11384,-3570,1582.541,878.554,2.129,2.135
1351038045.850,9190701,10762,-3089,1617.638,822.570,2.389,2.391
1351038046.877,9190701,10174,-2502,1694.248,802.992,2.257,2.254
1351038047.881,9190701,9854,-1784,1668.673,999.090,1.908,1.828
1351038048.895,9190701,9157,-1042,1619.554,1081.108,2.239,2.221
1351038049.915,9190701,9040,-210,1538.217,971.332,1.809,1.804
1351038050.931,9190701,8680,562,1493.108,953.813,1.766,1.758
1351038051.950,9190701,8293,1470,1403.281,1062.012,1.799,1.780
1351038052.977,9190701,8030,2271,1323.913,896.575,1.932,1.836
1351038054.003,9190701,7764,2907,1333.251,844.387,2.238,2.231
###,,,,,,,
1351038020.326,9190803,-22341,1688,874.701,601.331,-1.359,-1.383
1351038021.350,9190803,-22238,1968,947.704,755.124,0.236,0.323
1351038022.372,9190803,-22099,1870,912.355,619.168,-0.545,-0.569
1351038023.405,9190803,-22295,1813,939.919,945.714,-1.323,-1.258
1351038024.421,9190803,-22194,1655,957.520,505.429,-0.964,-1.080
1351038025.425,9190803,-22261,1713,971.028,636.690,-0.686,-0.638
1351038026.449,9190803,-22182,1732,989.937,543.256,-0.461,-0.488
1351038027.475,9190803,-22175,1776,934.250,683.726,-0.871,-0.937
1351038028.488,9190803,-22304,1809,974.843,592.872,-1.272,-1.316
1351038029.515,9190803,-22281,1738,990.104,390.139,-1.215,-1.216
1351038030.552,9190803,-22280,2134,923.492,876.086,1.551,1.536
1351038031.556,9190803,-22428,2109,1028.163,425.931,1.908,1.775
1351038032.570,9190803,-22356,2177,1243.470,675.053,1.692,1.774
1351038033.605,9190803,-22385,1942,1142.617,1012.303,-1.842,-1.746
1351038034.624,9190803,-22440,1701,1047.884,809.455,-1.885,-1.859
1351038035.641,9190803,-22410,2064,1057.660,867.602,1.921,2.013
1351038036.669,9190803,-22500,2096,1015.435,594.223,2.489,2.408
1351038037.671,9190803,-22352,2156,1012.223,652.069,1.594,1.664
1351038038.697,9190803,-22313,2073,983.775,583.387,1.015,1.048
1351038039.698,9190803,-22232,2002,960.020,356.402,0.215,0.138
1351038040.732,9190803,-22161,1974,933.343,595.148,0.343,0.292
1351038041.762,9190803,-22171,1959,982.254,161.021,1.566,1.404
1351038042.782,9190803,-22488,1796,963.751,505.677,-2.748,-2.764
1351038043.808,9190803,-22439,2037,960.897,699.785,1.823,1.877
1351038044.814,9190803,-22238,2025,984.608,455.715,1.034,0.941
1351038045.850,9190803,-22312,2082,962.164,571.384,1.111,1.123
1351038046.877,9190803,-22208,2193,949.621,612.029,1.113,1.160
1351038047.881,9190803,-22107,1967,1009.182,792.894,0.430,0.438
1351038048.895,9190803,-22122,2024,1057.621,225.799,-0.587,-0.056
1351038049.915,9190803,-22291,1799,1024.831,693.695,-1.125,-1.220
1351038050.931,9190803,-22161,1733,1014.390,537.1000,-0.880,-0.862
1351038051.950,9190803,-22214,1787,979.039,641.497,-1.031,-0.959
1351038052.977,9190803,-22223,1800,910.252,290.484,-1.501,-0.966
1351038054.003,9190803,-22352,1940,1015.725,605.211,2.525,2.390
1351038055.018,9190803,-22399,1956,1036.867,461.378,2.906,2.975
1351038056.040,9190803,-22558,1873,1044.207,592.414,-2.766,-2.748
1351038057.043,9190803,-22555,2005,1086.430,735.153,3.069,3.044
1351038058.046,9190803,-22537,1994,976.436,580.635,2.403,2.672
1351038059.071,9190803,-22340,1790,1010.948,735.482,-2.185,-2.219
1351038060.092,9190803,-22450,2026,1074.094,618.960,1.959,1.981
1351038061.123,9190803,-22392,2140,1050.186,69.901,1.561,1.657
1351038062.140,9190803,-22515,1737,992.360,638.133,-2.423,-2.339
1351038063.150,9190803,-22542,2074,980.483,689.983,2.317,2.478
1351038064.151,9190803,-22447,2080,975.677,490.668,3.094,3.124
1351038065.170,9190803,-22169,1997,1029.932,739.665,0.073,0.136
1351038066.189,9190803,-22134,1843,982.078,432.920,-0.411,-0.353
1351038067.201,9190803,-22202,1844,976.745,593.616,-0.987,-0.886
1351038068.228,9190803,-22147,1865,937.348,604.467,-0.844,-0.817
1351038069.231,9190803,-22235,1720,936.794,777.264,-1.450,-1.464
1351038070.264,9190803,-22306,1877,1086.320,260.224,1.645,1.630
1351038071.287,9190803,-22277,2129,999.074,579.561,1.260,1.366
1351038072.295,9190803,-22373,2260,1009.440,663.397,1.963,2.058
1351038073.316,9190803,-22389,1992,1041.859,537.396,-2.170,-1.989
1351038074.352,9190803,-22521,1919,1002.425,629.837,-2.350,-2.258
1351038075.392,9190803,-22521,1950,968.785,624.220,2.233,2.228
1351038076.393,9190803,-22389,2119,965.587,650.472,1.865,1.873
1351038077.415,9190803,-22534,2136,938.894,723.068,2.305,2.341
1351038078.445,9190803,-22335,2030,1004.776,500.255,1.438,1.522
1351038079.457,9190803,-22238,2221,946.412,429.728,1.240,1.026
1351038080.482,9190803,-22076,1967,910.356,606.439,-0.245,-0.235
1351038081.484,9190803,-22065,1949,978.819,1017.176,0.321,0.245
1351038082.485,9190803,-22003,2126,980.549,441.099,0.214,0.086
1351038083.521,9190803,-22473,1932,950.696,565.680,-2.240,-2.260
1351038084.541,9190803,-22251,1795,925.720,531.851,-2.124,-1.952
1351038085.564,9190803,-22352,1645,947.441,568.764,-1.841,-1.862
